{
  "roads": {
    "1": {
      "x": -1.2504639986066843,
      "y": 0.13425283238399838,
      "z": -2.191526986373814,
      "yangle": -1.0471975511965976
    },
    "2": {
      "x": -0.7527153188777159,
      "y": 0.13425283238399838,
      "z": -2.191526986373814,
      "yangle": 1.0471975511965976
    },
    "3": {
      "x": -0.26318817913730597,
      "y": 0.13425283238399838,
      "z": -2.157291396087994,
      "yangle": -1.0471975511965976
    },
    "4": {
      "x": 0.24574108245406412,
      "y": 0.13425283238399838,
      "z": -2.162021422296176,
      "yangle": 1.0471975511965976
    },
    "5": {
      "x": 0.7675111932667528,
      "y": 0.13425283238399838,
      "z": -2.179173143092664,
      "yangle": -1.0471975511965976
    },
    "6": {
      "x": 1.2506334815960105,
      "y": 0.13425283238399838,
      "z": -2.179099218426725,
      "yangle": 1.0471975511965976
    },
    "7": {
      "x": -1.5,
      "y": 0.13425283238399838,
      "z": -1.7465797117297406,
      "yangle": 0
    },
    "8": {
      "x": -0.5,
      "y": 0.13425283238399838,
      "z": -1.7465797117297406,
      "yangle": 0
    },
    "9": {
      "x": 0.4975703897826721,
      "y": 0.13425283238399838,
      "z": -1.7465797117297406,
      "yangle": 0
    },
    "10": {
      "x": 1.5,
      "y": 0.13425283238399838,
      "z": -1.7465797117297406,
      "yangle": 0
    },
    "11": {
      "x": -1.728973440075852,
      "y": 0.13425283238399838,
      "z": -1.244,
      "yangle": -1.0471975511965976
    },
    "12": {
      "x": -1.21573595722418,
      "y": 0.13425283238399838,
      "z": -1.244,
      "yangle": 1.0471975511965976
    },
    "13": {
      "x": -0.7635822783486178,
      "y": 0.13425283238399838,
      "z": -1.244,
      "yangle": -1.0471975511965976
    },
    "14": {
      "x": -0.263429562578994,
      "y": 0.13425283238399838,
      "z": -1.244,
      "yangle": 1.0471975511965976
    },
    "15": {
      "x": 0.22276896188594808,
      "y": 0.13425283238399838,
      "z": -1.244,
      "yangle": -1.0471975511965976
    },
    "16": {
      "x": 0.7223595217147094,
      "y": 0.13425283238399838,
      "z": -1.244,
      "yangle": 1.0471975511965976
    },
    "17": {
      "x": 1.2266471732122528,
      "y": 0.13425283238399838,
      "z": -1.244,
      "yangle": -1.0471975511965976
    },
    "18": {
      "x": 1.7318963786357071,
      "y": 0.13425283238399838,
      "z": -1.2444276007068695,
      "yangle": 1.0471975511965976
    },
    "19": {
      "x": -1.993021427046712,
      "y": 0.13425283238399838,
      "z": -0.805,
      "yangle": 0
    },
    "20": {
      "x": -1.0327106091654075,
      "y": 0.13425283238399838,
      "z": -0.805,
      "yangle": 0
    },
    "21": {
      "x": -0.021722385462372484,
      "y": 0.13425283238399838,
      "z": -0.805,
      "yangle": 0
    },
    "22": {
      "x": 0.9709202074944703,
      "y": 0.13425283238399838,
      "z": -0.805,
      "yangle": 0
    },
    "23": {
      "x": 1.994774949761596,
      "y": 0.13425283238399838,
      "z": -0.8049207070456674,
      "yangle": 0
    },
    "24": {
      "x": -2.2225553408647003,
      "y": 0.13425283238399838,
      "z": -0.39,
      "yangle": -1.0471975511965976
    },
    "25": {
      "x": -1.7184381361785388,
      "y": 0.13425283238399838,
      "z": -0.39,
      "yangle": 1.0471975511965976
    },
    "26": {
      "x": -1.2576364712948491,
      "y": 0.13425283238399838,
      "z": -0.39,
      "yangle": -1.0471975511965976
    },
    "27": {
      "x": -0.756398696299042,
      "y": 0.13425283238399838,
      "z": -0.39,
      "yangle": 1.0471975511965976
    },
    "28": {
      "x": -0.2622729446391242,
      "y": 0.13425283238399838,
      "z": -0.39,
      "yangle": -1.0471975511965976
    },
    "29": {
      "x": 0.24427324789791305,
      "y": 0.13425283238399838,
      "z": -0.39,
      "yangle": 1.0471975511965976
    },
    "30": {
      "x": 0.7244560540669038,
      "y": 0.13425283238399838,
      "z": -0.39,
      "yangle": -1.0471975511965976
    },
    "31": {
      "x": 1.2309276004298721,
      "y": 0.13425283238399838,
      "z": -0.39,
      "yangle": 1.0471975511965976
    },
    "32": {
      "x": 1.7300523003536044,
      "y": 0.13425283238399838,
      "z": -0.39,
      "yangle": -1.0471975511965976
    },
    "33": {
      "x": 2.249146692854774,
      "y": 0.13425283238399838,
      "z": -0.39,
      "yangle": 1.0471975511965976
    },
    "34": { "x": -2.5, "y": 0.13425283238399838, "z": 0.06, "yangle": 0 },
    "35": { "x": -1.5, "y": 0.13425283238399838, "z": 0.06, "yangle": 0 },
    "36": { "x": -0.5, "y": 0.13425283238399838, "z": 0.06, "yangle": 0 },
    "37": {
      "x": 0.4975703897826721,
      "y": 0.13425283238399838,
      "z": 0.06,
      "yangle": 0
    },
    "38": { "x": 1.5, "y": 0.13425283238399838, "z": 0.06, "yangle": 0 },
    "39": {
      "x": 2.4969051190523626,
      "y": 0.13425283238399838,
      "z": 0.06,
      "yangle": 0
    },
    "40": {
      "x": -2.24,
      "y": 0.13425283238399838,
      "z": 0.492,
      "yangle": 1.0471975511965976
    },
    "41": {
      "x": -1.74205183747784,
      "y": 0.13425283238399838,
      "z": 0.5114783486556674,
      "yangle": -1.0471975511965976
    },
    "42": {
      "x": -1.2585891106605394,
      "y": 0.13425283238399838,
      "z": 0.4741949435663908,
      "yangle": 1.0471975511965976
    },
    "43": {
      "x": -0.7351392209087715,
      "y": 0.13425283238399838,
      "z": 0.46119744868168233,
      "yangle": -1.0471975511965976
    },
    "44": {
      "x": -0.2882865947345179,
      "y": 0.13425283238399838,
      "z": 0.5400904769861393,
      "yangle": 1.0471975511965976
    },
    "45": {
      "x": 0.23935649129490078,
      "y": 0.13425283238399838,
      "z": 0.4749171922707561,
      "yangle": -1.0471975511965976
    },
    "46": {
      "x": 0.7958674097535479,
      "y": 0.13425283238399838,
      "z": 0.5052134175452433,
      "yangle": 1.0471975511965976
    },
    "47": {
      "x": 1.203721008671638,
      "y": 0.13425283238399838,
      "z": 0.5246501016524586,
      "yangle": -1.0471975511965976
    },
    "48": {
      "x": 1.761263342856458,
      "y": 0.13425283238399838,
      "z": 0.5094994529532664,
      "yangle": 1.0471975511965976
    },
    "49": {
      "x": 2.240233213508615,
      "y": 0.13425283238399838,
      "z": 0.49234040611488383,
      "yangle": -1.0471975511965976
    },
    "50": {
      "x": -2.0148507511676415,
      "y": 0.13425283238399838,
      "z": 0.949,
      "yangle": 0
    },
    "51": {
      "x": -1.0226922162196737,
      "y": 0.13425283238399838,
      "z": 0.9558323421432264,
      "yangle": 0
    },
    "52": {
      "x": -0.015018590641839635,
      "y": 0.13425283238399838,
      "z": 0.949,
      "yangle": 0
    },
    "53": {
      "x": 1.0012481221625082,
      "y": 0.13425283238399838,
      "z": 0.949,
      "yangle": 0
    },
    "54": {
      "x": 1.9757190874435464,
      "y": 0.13425283238399838,
      "z": 0.9485947719947885,
      "yangle": 0
    },
    "55": {
      "x": -1.7747480696868863,
      "y": 0.13425283238399838,
      "z": 1.373750906915032,
      "yangle": 1.0471975511965976
    },
    "56": {
      "x": -1.2504639986066843,
      "y": 0.13425283238399838,
      "z": 1.378,
      "yangle": -1.0471975511965976
    },
    "57": {
      "x": -0.7527153188777159,
      "y": 0.13425283238399838,
      "z": 1.378,
      "yangle": 1.0471975511965976
    },
    "58": {
      "x": -0.26318817913730597,
      "y": 0.13425283238399838,
      "z": 1.378,
      "yangle": -1.0471975511965976
    },
    "59": {
      "x": 0.24574108245406412,
      "y": 0.13425283238399838,
      "z": 1.378,
      "yangle": 1.0471975511965976
    },
    "60": {
      "x": 0.7675111932667528,
      "y": 0.13425283238399838,
      "z": 1.378,
      "yangle": -1.0471975511965976
    },
    "61": {
      "x": 1.2506334815960105,
      "y": 0.13425283238399838,